path,bytes,sha256
License_CC_BY_NC_SA_3.0.txt,196,bfec84bfe9b3318c75bf10d4a21fe566d3a986202ad80a4eb0a09c317c8779f2
training/HGG/brats_2013_pat0001_1/VSD.Brain.XX.O.MR_Flair.54512.mha,2150526,399790c03fba7a7a256a873988a1d311d62f5f39187fd84801e4267b5c7c8fdf
training/HGG/brats_2013_pat0001_1/VSD.Brain_3more.XX.O.OT.54517.mha,40031,826322cf7627595676b7890e4797018ce30c2cba259f656fc8c265234f10aa14
training/HGG/brats_2013_pat0002_1/VSD.Brain.XX.O.MR_Flair.54518.mha,2282293,9074c6c69a6ac74ecc8d33f1646d6578102e1fb8cd12ae9ac98cee3e41ab617c
training/HGG/brats_2013_pat0002_1/VSD.Brain_3more.XX.O.OT.54523.mha,29884,152b3dc58c25ac215e11077f77e03163b5373d27d65b6ac78ae57d8f44441e59
training/HGG/brats_2013_pat0003_1/VSD.Brain.XX.O.MR_Flair.54524.mha,2362445,39bda934d81120394320018b52cbb2e76e821752a9546cc558f8963765af34dd
training/HGG/brats_2013_pat0003_1/VSD.Brain_3more.XX.XX.OT.54529.mha,44004,cb8af713ca4d26d7f09f911259475d234d73203567e6add6523c703d3ddc04e4
training/HGG/brats_2013_pat0005_1/VSD.Brain.XX.O.MR_Flair.54536.mha,2159583,a29be4b6c7dd9796c870b202dd9112c8795904f4ea51707225e0d9c641c57c67
training/HGG/brats_2013_pat0005_1/VSD.Brain_3more.XX.O.OT.54541.mha,40607,ac2e203d0e45687b40119ceea6ffb3f37cab57e7223faa009f7123addde869b5
training/HGG/brats_2013_pat0006_1/VSD.Brain.XX.O.MR_Flair.54542.mha,1547847,58b98e9bb6825a20495a298ba1d0d3aa6471525acfb5fc5a2ca105ac4f01642d
training/HGG/brats_2013_pat0006_1/VSD.Brain_3more.XX.O.OT.54547.mha,58968,2d751a0976ded0529597e86d5f4175af80ef9fa69af8c3f3ff38460e4bc6d757
training/HGG/brats_2013_pat0007_1/VSD.Brain.XX.O.MR_Flair.54548.mha,2261056,3ab7e1bc20376b36170b2c2a924f9563c9491adb865cdfc44e1db00909a6a1ba
training/HGG/brats_2013_pat0007_1/VSD.Brain_3more.XX.O.OT.54553.mha,33804,99a07aecce9b79e80373bcbcfa38c9a1ff119932bdbf101a0781f3f0f2e3fce6
training/HGG/brats_2013_pat0008_1/VSD.Brain.XX.O.MR_Flair.54554.mha,2355618,aa43b2d18b01cb670c1500c8d4d83e94b068cc7391aca08de94f6646611e0e4d
training/HGG/brats_2013_pat0008_1/VSD.Brain_3more.XX.XX.OT.54559.mha,50395,4863ccc14ec8187deec54af2a25a418abf4ada5132bca01bbe024fcf55518dbe
training/HGG/brats_2013_pat0009_1/VSD.Brain.XX.O.MR_Flair.54560.mha,1720973,97ea850bd7aa176706dc75a2d9c05adb385144aaf9c9c5f7f9ad1a63271a2fd2
training/HGG/brats_2013_pat0009_1/VSD.Brain_3more.XX.XX.OT.54565.mha,49689,f8fa30b7014d4f6cd479c8858076600ef0156f3385ceeb20f2c5c3e4bf388d65
training/HGG/brats_2013_pat0010_1/VSD.Brain.XX.O.MR_Flair.54566.mha,2242795,aef1faa907dc1d57e2fea2640b61046600e47d3c52c6ee2f03938cc87306ea36
training/HGG/brats_2013_pat0010_1/VSD.Brain_3more.XX.O.OT.54571.mha,22829,2fd0e298f5c3dbf2683cfc846240f1ead4cf279c10c4442f878bfd653bfa199c
training/HGG/brats_2013_pat0012_1/VSD.Brain.XX.O.MR_Flair.54578.mha,2057429,cab11ec767fa45f45a57d7dd75df15023580cb7532146d9e8e69f8ce7532037e
training/HGG/brats_2013_pat0012_1/VSD.Brain_3more.XX.O.OT.54583.mha,23396,a2531e120736c333caed20de3f11c7d7988057da6461e1eca584af1bd759a24a
training/HGG/brats_2013_pat0013_1/VSD.Brain.XX.O.MR_Flair.54584.mha,2077590,0ef2e93ba4a597b836ca888da14afb0b0fda67a4c0c457ac44cef853cadd6c16
training/HGG/brats_2013_pat0013_1/VSD.Brain_3more.XX.O.OT.54589.mha,21292,508d79e8855879fa53e1cf6db0afa9561858a9fcf46c48fe214eb731d328f268
training/HGG/brats_2013_pat0014_1/VSD.Brain.XX.O.MR_Flair.54590.mha,2325293,08b1a4bd3f1143f71d7aaab017ee070c619f531dd87a4fd9563d4f3ee8383f7e
training/HGG/brats_2013_pat0014_1/VSD.Brain_3more.XX.O.OT.54595.mha,48312,069997268a47ace84d09c8517011924286eb5e34dea860deb59b2a359b5875e3
training/HGG/brats_2013_pat0015_1/VSD.Brain.XX.O.MR_Flair.54596.mha,2509835,38be89618591b94692a8239b91c733418bafedebbae2b0f395ce7e341bcc6c59
training/HGG/brats_2013_pat0015_1/VSD.Brain_3more.XX.O.OT.54601.mha,50864,62a9444ebe8794c3d4314b7b337f754278e3e7fef50254aad964a7caa31bbb0e
training/HGG/brats_2013_pat0022_1/VSD.Brain.XX.O.MR_Flair.54602.mha,1958751,eb67a63e3ed0060ed11c63dc4312e7098b2354aef99377c4b9c299a204458c87
training/HGG/brats_2013_pat0022_1/VSD.Brain_3more.XX.O.OT.54607.mha,33294,6e4f284f0fae875110aeb60b4a52e63fd766cd2638d894ee46ea84c9ac03b265
training/HGG/brats_2013_pat0026_1/VSD.Brain.XX.O.MR_Flair.54620.mha,1876250,f65796a9be577a305d7362043a1c2f0a0b8b0ad2bf12c0e79c833828833704de
training/HGG/brats_2013_pat0026_1/VSD.Brain_3more.XX.O.OT.54625.mha,46967,3855c9fcc0fa0eb6843bd8168d96c0ce1167ff4283fdda7d4f4579b653a75f50
training/HGG/brats_tcia_pat105_0001/VSD.Brain.XX.O.MR_Flair.35533.mha,2005453,b7205f76243bedf6c4441f85f320c12ca660bf1667a6f155a6cc106377ebc993
training/HGG/brats_tcia_pat105_0001/VSD.Brain_3more.XX.O.OT.42283.mha,8928170,c8b52df407805f75672a7efd2cd9507e3d91ff06fc33077074a580ece3d70dd2
training/HGG/brats_tcia_pat111_0001/VSD.Brain.XX.O.MR_Flair.40827.mha,1884627,f3c92971aed00144f25ba884c192a094a0f637bc2fe0a57507fd1e2934656dc6
training/HGG/brats_tcia_pat111_0001/VSD.Brain_3more.XX.O.OT.42287.mha,8928170,98b34985a0b64f887166b4d39e3587a1121fbbd905cee6ee22eb72bd9eb056af
training/HGG/brats_tcia_pat117_0001/VSD.Brain.XX.O.MR_Flair.35541.mha,2076412,03ff0e98ff07edb603a5e6a001f3e8c23d999adf4c75c6927d3e7d318a314317
training/HGG/brats_tcia_pat117_0001/VSD.Brain_3more.XX.O.OT.42291.mha,8928170,94572663cf8db633da668d89d549d7a1e9c52b03fe33ed16e12f96d9895fd6ce
training/HGG/brats_tcia_pat118_0001/VSD.Brain.XX.O.MR_Flair.35545.mha,1773781,f438438faf700765dd1dc7dc1ce76aca1eced36cfc81e9fbb52ca7ded05e2c8b
training/HGG/brats_tcia_pat118_0001/VSD.Brain_3more.XX.O.OT.42293.mha,8928170,879dedadd769b627ecab295da521ad2f9328d86a05aaa8e6cd9bbead8ae1f8bb
training/HGG/brats_tcia_pat121_0001/VSD.Brain.XX.O.MR_Flair.35553.mha,1530505,439ea85f37c59922ecd9f2d3d6bf74bfd0075431fdb7e79322167c8392da9944
training/HGG/brats_tcia_pat121_0001/VSD.Brain_3more.XX.O.OT.42297.mha,8928170,1063f157155e36ebbaf325a047b5c7d0ed112e0f7e72d0b026d7cb599217a705
training/HGG/brats_tcia_pat124_0003/VSD.Brain.XX.O.MR_Flair.35557.mha,1834055,bf8cf621d535039dc698b57c9cff74157febf03767f2d3573563901ea5cafd86
training/HGG/brats_tcia_pat124_0003/VSD.Brain_3more.XX.O.OT.42299.mha,8928170,53ad61c581bede719c86469874a77643ce92345d83bf6216f97733373548f6ed
training/HGG/brats_tcia_pat131_0001/VSD.Brain.XX.O.MR_Flair.35561.mha,2256755,a469711d65ef32bd3812dcb749f5ef4d363d1ccfc2f0dece2f85f8a2239ef1ef
training/HGG/brats_tcia_pat131_0001/VSD.Brain_3more.XX.O.OT.42303.mha,8928170,e58579a89c0759c0ce2da3d859122721f426510ca1a2a73a83161f996849dc3d
training/HGG/brats_tcia_pat133_0001/VSD.Brain.XX.O.MR_Flair.35565.mha,1733662,92b837fdc0c389f4700482e2efad76961d238c4982e60fd6706fa654a04ca0df
training/HGG/brats_tcia_pat133_0001/VSD.Brain_3more.XX.O.OT.42305.mha,8928170,6c0b96f67b3fe171e8d2cd8456ac72a4a2199494eebb2ccc5a6bae004d75a341
training/HGG/brats_tcia_pat135_0001/VSD.Brain.XX.O.MR_Flair.35573.mha,1915530,a1e0c74c3948687b705dadec27cfe0b3d5a7480175fbec6eb1b449ca10717616
training/HGG/brats_tcia_pat135_0001/VSD.Brain_3more.XX.O.OT.42307.mha,8928170,0f7645f3ef4ab1916fcce8784f630350352de8df93c2b9ddcf7bbb8539634728
training/HGG/brats_tcia_pat138_0001/VSD.Brain.XX.O.MR_Flair.35577.mha,1802189,e8fdca30a9250628017d72035a24890cd5c408e8dd673b9fb550850c01d34a81
training/HGG/brats_tcia_pat138_0001/VSD.Brain_3more.XX.O.OT.42309.mha,8928170,faa7bfd8864725a62356060a1bf8c337f5bbfd0357484998821d9f1126bdc00b
training/HGG/brats_tcia_pat147_0001/VSD.Brain.XX.O.MR_Flair.35591.mha,1861102,bb0dab633b9608a4353d485cebeb2e4def903a545f752183d7285a004d2a1e39
training/HGG/brats_tcia_pat147_0001/VSD.Brain_3more.XX.O.OT.42315.mha,8928170,03517609306dd66b766b597107b42a5ea58848dc0e831fcd0db0b3639ea6644f
training/HGG/brats_tcia_pat149_0001/VSD.Brain.XX.O.MR_Flair.35595.mha,2087294,ea354d3f5e706368b580ca5fb11099b61d209dd91f58ec57f762075242c96d89
training/HGG/brats_tcia_pat149_0001/VSD.Brain_3more.XX.O.OT.42317.mha,8928170,c36091a869a8f804da1789bec1a49d3a0271aa20fc8e7f40cb93ffabbae0345d
training/HGG/brats_tcia_pat150_0001/VSD.Brain.XX.O.MR_Flair.35599.mha,1722782,0bfb7218353170157879a96aeeaf656cc81394d330dcbb12bafd68a418acc1e3
training/HGG/brats_tcia_pat150_0001/VSD.Brain_3more.XX.O.OT.42319.mha,8928170,3963faa916fe4cfd97fdea424a3d158488c53146e18d01e47ae962f67883fa51
training/HGG/brats_tcia_pat151_0001/VSD.Brain.XX.O.MR_Flair.35603.mha,1656374,8119b8384fd32e7f7d41088d2c83426d25aef24bee12d3a3b2ed777267769ddf
training/HGG/brats_tcia_pat151_0001/VSD.Brain_3more.XX.O.OT.42321.mha,8928170,ef4a0c8467639cb60a207882a3d895bd9a3d9104d8a0d0fb490ddee5a90eadd2
training/HGG/brats_tcia_pat153_0002/VSD.Brain.XX.O.MR_Flair.40859.mha,1583760,fcdcf474245f8a50e44108283fdd3888f1655ac41c6d09796f1e21b6766de465
training/HGG/brats_tcia_pat153_0002/VSD.Brain_3more.XX.O.OT.42335.mha,8928170,d2fe5cd49dbc74f9cece176285ca5e7275ba136058acdfa086d810c49ee3b2b9
training/HGG/brats_tcia_pat153_0109/VSD.Brain.XX.O.MR_Flair.40839.mha,1719240,4e6fd3eae0958147c422ea5d7f507e8bd8fb552f40b0a4ce635efa453f372ae6
training/HGG/brats_tcia_pat153_0109/VSD.Brain_3more.XX.O.OT.42325.mha,8928170,d8d9b3fc9915ed468e17fe440c3eea15ce82983dad9bae748a2466dd0e590e53
training/HGG/brats_tcia_pat153_0165/VSD.Brain.XX.O.MR_Flair.40855.mha,1728857,0c453d260f729eb88b617d2b3ccd027e8f74155c840d7b8cda186ae510c5df04
training/HGG/brats_tcia_pat153_0165/VSD.Brain_3more.XX.O.OT.42333.mha,8928170,eff49899e871ecb8f86e94be79f4ce50a5dfddfa63951c127611add682fec0f2
training/HGG/brats_tcia_pat153_0181/VSD.Brain.XX.O.MR_Flair.40851.mha,1780371,d03eafbda6a3f4875237ff7f017d5f6c682abb2d2bc8cdd9f7b451ccd1740b99
training/HGG/brats_tcia_pat153_0181/VSD.Brain_3more.XX.O.OT.42331.mha,8928170,f30f063119125bb1e45570bb335c7f2754c6ece8e5404512817f45975ce208e7
training/HGG/brats_tcia_pat153_0277/VSD.Brain.XX.O.MR_Flair.40847.mha,1671110,f0c0279e6c73654ef0182d1edb18a5502a204f09dc9eaa25bb8c46a305ab862b
training/HGG/brats_tcia_pat153_0277/VSD.Brain_3more.XX.O.OT.42329.mha,8928170,ce82d6794194a87b1c9117b5d8496d747a541305bfd08c318b45c77751ef2565
training/HGG/brats_tcia_pat153_0294/VSD.Brain.XX.O.MR_Flair.40843.mha,1862623,f918cea14bb49010fe9c1fcaddcca62804781ad61ee801c759e115b6052ab731
training/HGG/brats_tcia_pat153_0294/VSD.Brain_3more.XX.O.OT.42327.mha,8928170,79c96dcc93c37f134faa9ea706d345dc38558a2ad5fd9babc0d4d5166b6cbfda
training/HGG/brats_tcia_pat156_0001/VSD.Brain.XX.O.MR_Flair.35607.mha,1987698,cb4ff994f359d604f651b43c880261312936b6ceccde7cb751e4806dd3a1a38b
training/HGG/brats_tcia_pat156_0001/VSD.Brain_3more.XX.O.OT.42885.mha,8928170,4864f898c3489487c87c62e75edd7fbf77e97f442c8e70d5c8c06c13b275e7a5
training/HGG/brats_tcia_pat162_0001/VSD.Brain.XX.O.MR_Flair.35611.mha,2109389,9b7b0879a38f4abf9b274d2280cef73b77a32cc54396569c39b8bb7516b03f78
training/HGG/brats_tcia_pat162_0001/VSD.Brain_3more.XX.O.OT.42339.mha,8928170,aea98db1b5a8abe0ade838d898928aa1d1a122f9ca68c1851a4696395bf0d435
training/HGG/brats_tcia_pat164_0001/VSD.Brain.XX.O.MR_Flair.35615.mha,2309805,fb9969dca6f379ddb5f8832751579d472d2af85683476bf023e2ff37bf86d54b
training/HGG/brats_tcia_pat164_0001/VSD.Brain_3more.XX.O.OT.42341.mha,8928170,edb4d88bf8bfe8afe229439841f607993a8db1eda664c63dfd063428fa12d95a
training/HGG/brats_tcia_pat168_0001/VSD.Brain.XX.O.MR_Flair.35623.mha,2413327,9956d9be373d016ff4b02e877f6ee02e7fb54522b7494503b2c9e805e62337cc
training/HGG/brats_tcia_pat168_0001/VSD.Brain_3more.XX.O.OT.42347.mha,8928170,d7f128712d187bfcc874ca2a153ae01bf063a5b8a12b8b504573cb29dcd4c769
training/HGG/brats_tcia_pat170_0002/VSD.Brain.XX.O.MR_Flair.35627.mha,2778778,89d6219f36c20f52334ed0a6a695a7005d581f7f1ba2f76ac6c85b944b795aeb
training/HGG/brats_tcia_pat170_0002/VSD.Brain_3more.XX.O.OT.42349.mha,8928170,fceaeeb4b4359f5393171dd1bec277cf8b3428d22facb96cb1116701e58a47a0
training/HGG/brats_tcia_pat171_0001/VSD.Brain.XX.O.MR_Flair.35647.mha,1792645,c4beced1d4fbcfa58b1a5a8571cef4f7eb138c81da773520490de4b0adaf905a
training/HGG/brats_tcia_pat171_0001/VSD.Brain_3more.XX.O.OT.42359.mha,8928170,022fab169d6fcef9aad6268cb69686dd0765129a7668d93b87edaa5078ca4b3c
training/HGG/brats_tcia_pat171_0200/VSD.Brain.XX.O.MR_Flair.35651.mha,1732557,770d4cf6da533e5d701cb41c562e5c8dc79851ff861f9b8a47306db42316cdfa
training/HGG/brats_tcia_pat171_0200/VSD.Brain_3more.XX.O.OT.42361.mha,8928170,514b8e05e5a363550b459ecbb7a0c28d6f517b1a33acdc63c0a004aa3cd79e57
training/HGG/brats_tcia_pat171_0387/VSD.Brain.XX.O.MR_Flair.35659.mha,1741562,75856945d7ff4830448cecc60de02a3276e26b1886c670472facfaad9bf1a18d
training/HGG/brats_tcia_pat171_0387/VSD.Brain_3more.XX.O.OT.42365.mha,8928170,55c5f68bebe5a1494f455cc74f550a4a27f5a188f28f04aaf2b092b6455e5ade
training/HGG/brats_tcia_pat171_0618/VSD.Brain.XX.O.MR_Flair.35643.mha,1703938,c4812f30548c9923238e82b6b47b029b0b7b3ab74da69ad59fbd75e911644bed
training/HGG/brats_tcia_pat171_0618/VSD.Brain_3more.XX.O.OT.42357.mha,8928170,129bec364e763e042f42a134022223b5fa5bb88c3d2362054268cef9e7a9a0a7
training/HGG/brats_tcia_pat171_0950/VSD.Brain.XX.O.MR_Flair.35655.mha,1775422,8a1c88b08a80db2c696d19d491ace9904e24f878208bf7c28ac8c46888eb1533
training/HGG/brats_tcia_pat171_0950/VSD.Brain_3more.XX.O.OT.42363.mha,8928170,d030f631182e1db0974b423418547fafb622dd9462d35b938321defc142376c3
training/HGG/brats_tcia_pat171_1126/VSD.Brain.XX.O.MR_Flair.35631.mha,1799340,e6dcf8cd20b73cd876bdbd1b56e613feb90b43a7de6e0321e10a32afc15a77f4
training/HGG/brats_tcia_pat171_1126/VSD.Brain_3more.XX.O.OT.42351.mha,8928170,3313a6223bd02e1b602472cccd51f144a6c2aa6539f20703c464f4dd3913eb61
training/HGG/brats_tcia_pat171_1231/VSD.Brain.XX.O.MR_Flair.35639.mha,1813517,bfee9bcc976aea52f06d9b7e282378f3b4d6b3a8e519f67279fba6270fc2de97
training/HGG/brats_tcia_pat171_1231/VSD.Brain_3more.XX.O.OT.42355.mha,8928170,45d50c6afc684b3b184cbf0eb1f8dd89e475025a467e0a7e0923ab1e43eb7589
training/HGG/brats_tcia_pat173_0001/VSD.Brain.XX.O.MR_Flair.35663.mha,2438733,c46702e93925f10f0acd72c1389376c2b0e20f0761b58c9d3400db92c23c6079
training/HGG/brats_tcia_pat173_0001/VSD.Brain_3more.XX.O.OT.42367.mha,8928170,c04737a86a24e6a238f488a5c6bb3b998ab8775c9fb8941788a32dc71857c926
training/HGG/brats_tcia_pat178_0002/VSD.Brain.XX.O.MR_Flair.35674.mha,1750537,e542d5e3c7566f3dff24d3ca2ac60148cc4d3a82c276ba0ab9e8a535481a9e23
training/HGG/brats_tcia_pat178_0002/VSD.Brain_3more.XX.O.OT.42373.mha,8928170,fffce527c942746b68b18e9f602252959a364efbd32cb4dbb1d8e5e6040b9380
training/HGG/brats_tcia_pat179_0001/VSD.Brain.XX.O.MR_Flair.40879.mha,2007643,d80b0d38789131dcc9b4bed65d0f4ff5838819d3436a01007d3514f4591c46dd
training/HGG/brats_tcia_pat179_0001/VSD.Brain_3more.XX.O.OT.42375.mha,8928170,94286390ad818ad572571af2848ace782b66c9d6707b2ead0dfb04bdf775ad55
training/HGG/brats_tcia_pat180_0001/VSD.Brain.XX.O.MR_Flair.35678.mha,1979676,df146e2a5a988bc3ac42f797bb2e87e2792a2ea82c11dc3d591733f662abe214
training/HGG/brats_tcia_pat180_0001/VSD.Brain_3more.XX.O.OT.42379.mha,8928170,fb3e587eef1d4c06a776ad5476043d4709a80bbbc8397e16acac604a28391510
training/HGG/brats_tcia_pat184_0001/VSD.Brain.XX.O.MR_Flair.35686.mha,2054740,6c72f89c66364d652476592bf017f48680cd57443e9bbc5d61ae19635919246c
training/HGG/brats_tcia_pat184_0001/VSD.Brain_3more.XX.O.OT.42383.mha,8928170,5e78f2f3948f409d09c220b7196b144f6513d4cc5996775c9cfb96fac7866c19
training/HGG/brats_tcia_pat192_0001/VSD.Brain.XX.O.MR_Flair.35694.mha,1668953,32aac03ba1fd024fbe7abda03baf641805219f7d4e1c6f53b2b1e468bec36989
training/HGG/brats_tcia_pat192_0001/VSD.Brain_2more.XX.O.OT.42389.mha,8928170,5c1e1a452164a5d912d4cc6f315d48c897cc4b1f3f866a01db313caf5a83e14d
training/HGG/brats_tcia_pat193_0002/VSD.Brain.XX.O.MR_Flair.35698.mha,2611017,d979a3e843bd1fe4357cd90d6d2bfb45f4f5b6c67d3e4e1f57f1ac0e9a978be3
training/HGG/brats_tcia_pat193_0002/VSD.Brain_2more.XX.O.OT.42391.mha,8928170,0e9a26c67e45a533671d7fa9ea84b03710fa6cf1b945c51ade00c7ab6d1259d9
training/HGG/brats_tcia_pat198_0001/VSD.Brain.XX.O.MR_Flair.35706.mha,2132481,08d8e547a24990c9f9baff218bc04f8a2c3fb01a5c1d20b1fc7ace6a57e9817f
training/HGG/brats_tcia_pat198_0001/VSD.Brain_3more.XX.O.OT.42393.mha,8928170,a1b099d812ef6b03735d7f33ff4c7ac00a4cf13281f17342783bc9c5df07fd9b
training/HGG/brats_tcia_pat198_0283/VSD.Brain.XX.O.MR_Flair.35710.mha,2407116,771d2550b61416dc0d3bbb7228b85f571eb865b1ee8effb1667418766f01b10d
training/HGG/brats_tcia_pat198_0283/VSD.Brain_3more.XX.O.OT.42395.mha,8928170,d9f55812552acd6ccf53b9b811a312c2528eaea85049be6ef3dafc03466f8dfd
training/HGG/brats_tcia_pat199_0001/VSD.Brain.XX.O.MR_Flair.35714.mha,1863323,f95d1d00bd14c552e701ca4d5144ae3205080f5d4f99b0b159af8bc468032f2b
training/HGG/brats_tcia_pat199_0001/VSD.Brain_3more.XX.O.OT.42397.mha,8928170,313dc71bdc4cc3beb81bc1378b456eb10258ef66a93aae8bd04227912987bc37
training/HGG/brats_tcia_pat200_0210/VSD.Brain.XX.O.MR_Flair.40895.mha,2414060,bbb169e5ede5d05c6fc165724ba32f085a6517e1879ab8c8f3b910d139fb8712
training/HGG/brats_tcia_pat200_0210/VSD.Brain_3more.XX.O.OT.42399.mha,8928170,ed5e285a7aefbe977b1b7b596c323d776d0023fbf57f00482013c098201d95e1
training/HGG/brats_tcia_pat201_0001/VSD.Brain.XX.O.MR_Flair.40903.mha,2074962,4ed8923eb34a044b06171950e7a6b4a20327bdd415ac028139ad479c49528c33
training/HGG/brats_tcia_pat201_0001/VSD.Brain_3more.XX.O.OT.42401.mha,8928170,0fc0aa28c85af9bccccd47dc860e1ad728cbd834b9ded183a55863fe70b04bea
training/HGG/brats_tcia_pat203_0001/VSD.Brain.XX.O.MR_Flair.35722.mha,1802220,f02e3373a8025ab2ca28d0a072731cd2bae68b38120e028b4a015979607eebcc
training/HGG/brats_tcia_pat203_0001/VSD.Brain_3more.XX.O.OT.42405.mha,8928170,76fc5b1639256083e869b5e6225320b071c16345d912b65887d60339a9c0fc66
training/HGG/brats_tcia_pat205_0001/VSD.Brain.XX.O.MR_Flair.35728.mha,2339823,bd19e147a836f5d145e016a17b7d72da8eadb1f8be041b99dbe53279b99a5fa2
training/HGG/brats_tcia_pat205_0001/VSD.Brain_3more.XX.O.OT.42407.mha,8928170,ffef3ac0f4c4f5cc5dcd0d74f904d135d42ca3753bcb0289471bc2429c38ab39
training/HGG/brats_tcia_pat208_0001/VSD.Brain.XX.O.MR_Flair.35732.mha,2280805,a9ae987376924b3c3b89db922c0d929b7a7c45750771a20b2e1a60a8aee2458a
training/HGG/brats_tcia_pat208_0001/VSD.Brain_3more.XX.O.OT.42409.mha,8928170,53095561bb80e7c46dd62b292bffd96890aed5ac4c5f4f88a5368a838445478e
training/HGG/brats_tcia_pat211_0001/VSD.Brain.XX.O.MR_Flair.35736.mha,1984125,3401efde84e252ad6588ec40aa94ab1b017460c69c3826ff26c36f5b40065bef
training/HGG/brats_tcia_pat211_0001/VSD.Brain_3more.XX.O.OT.42895.mha,8928170,118cf086c0346356706265552d2ea77e0125e3a092abdcad686374ba3205af98
training/HGG/brats_tcia_pat218_0001/VSD.Brain.XX.O.MR_Flair.35756.mha,1589352,0cc18bd56cecedfe64ea04204ad8941ad8277d0990753f659abb2bd5f8744f07
training/HGG/brats_tcia_pat218_0001/VSD.Brain_3more.XX.O.OT.42419.mha,8928170,01f45de70c3579621f824bf86c2fae3046125b282627f395ff30d12159d2f2c8
training/HGG/brats_tcia_pat222_0122/VSD.Brain.XX.O.MR_Flair.40915.mha,1883826,a1a29214043f438b2d5ef03c188c86110093e8959da0ff9cc9f04c5dd298eacd
training/HGG/brats_tcia_pat222_0122/VSD.Brain_3more.XX.O.OT.42427.mha,8928170,0e58f123999d546669e6df805245878c42c62b5a87b9a6569e2f84975a52032c
training/HGG/brats_tcia_pat222_0304/VSD.Brain.XX.O.MR_Flair.40907.mha,1967733,bab8573e7c216d0900ae4ab3a9af39d2fe41c55873b12128a6d80abe78da94ab
training/HGG/brats_tcia_pat222_0304/VSD.Brain_3more.XX.O.OT.42423.mha,8928170,48338ade1df5bd8b272a0b96610589338ebdd3d3753e90e3050a3c9f6d9ef6f8
training/HGG/brats_tcia_pat226_0090/VSD.Brain.XX.O.MR_Flair.40923.mha,1817388,81e923a58eb228118af580762cbb630fa741313be2fa2ab1cf58337f70224e89
training/HGG/brats_tcia_pat226_0090/VSD.Brain_3more.XX.O.OT.42433.mha,8928170,17a9af76787e762eac65f6b0d9d56825b1880f12b8e9e4063974ad4f3a18c904
training/HGG/brats_tcia_pat230_0481/VSD.Brain.XX.O.MR_Flair.35776.mha,1912246,2d2c556536e6436bc6e26176f15e4b65a932c36a284d192ff328c126b6e1f29c
training/HGG/brats_tcia_pat230_0481/VSD.Brain_3more.XX.O.OT.42437.mha,8928170,5252de5c0d1f1f5442228f157ec51a6dc912a5f1e0d13d94586ab887aaab9e39
training/HGG/brats_tcia_pat230_0637/VSD.Brain.XX.O.MR_Flair.35792.mha,1930579,22529232cb79244b35e6ea2c3ce3a4bb5641d800ddda8789aa6641f201c36fda
training/HGG/brats_tcia_pat230_0637/VSD.Brain_3more.XX.O.OT.42443.mha,8928170,294886827a1157aac5c24e0a808abb95255431c5ced319605ed8ce800d0a0856
training/HGG/brats_tcia_pat230_0710/VSD.Brain.XX.O.MR_Flair.35788.mha,2033996,e67b157ac580a565f031d9387e946ef9bc37e7cc3fb32c73feb03237ee265b12
training/HGG/brats_tcia_pat230_0710/VSD.Brain_3more.XX.O.OT.42441.mha,8928170,30f16df309286716461af58e453d457407796e4df284077c5522a17e4e713d1d
training/HGG/brats_tcia_pat231_0001/VSD.Brain.XX.O.MR_Flair.40927.mha,1662461,644f665a57a5c9befc996df98ccccb0a3a20921c6d844241c934cc9e40327cc6
training/HGG/brats_tcia_pat231_0001/VSD.Brain_3more.XX.O.OT.42447.mha,8928170,713f4f84666124d855012aca9332cbce8fac106afb6410cc31bf980d128e5132
training/HGG/brats_tcia_pat234_0001/VSD.Brain.XX.O.MR_Flair.35800.mha,2373303,edc01b9387c3877e8cf599266bf98bc326a015758cd98eb43f51306a1803e3f4
training/HGG/brats_tcia_pat234_0001/VSD.Brain_3more.XX.O.OT.42449.mha,8928170,88d9b6ff98c5dc25332c3bd8367a15d1591d7c3ac26aa7a1f7f2ee31c890eaa7
training/HGG/brats_tcia_pat235_0001/VSD.Brain.XX.O.MR_Flair.35804.mha,1924062,f97e5ee181c1319ec8c83f2a6a6cf853dbf3e7fb1fcf4864595a068b63c2d31f
training/HGG/brats_tcia_pat235_0001/VSD.Brain_3more.XX.O.OT.42451.mha,8928170,13d86f508857c76d36ee06e1536ce34c1f777ef62f2754a2aa7fd656c4cc28a3
training/HGG/brats_tcia_pat242_0001/VSD.Brain.XX.O.MR_Flair.35808.mha,2245635,c7e57f3334c28e5ba700ffd6b6d974965adafbdd0ed0f0d77ffc7ee204345e66
training/HGG/brats_tcia_pat242_0001/VSD.Brain_3more.XX.O.OT.42455.mha,8928170,ec4f915f11548bf9737957323fabd870a003aab47f167c675d803e0aaf507cbe
training/HGG/brats_tcia_pat247_0001/VSD.Brain.XX.O.MR_Flair.35820.mha,2092118,e95e667e6f87c708635838120be6794755369c428be20ae04732d1c353fcfe00
training/HGG/brats_tcia_pat247_0001/VSD.Brain_3more.XX.O.OT.42457.mha,8928170,b5e9b376d5c248cb8147d520ff1e78fed0326a6bf61c2d14b0463edf4e36773a
training/HGG/brats_tcia_pat257_0001/VSD.Brain.XX.O.MR_Flair.35848.mha,2250545,0a956a5d15f009f1a6b8e344b7e9b25276aa8cfbc290af0a859ec1dc6ac00263
training/HGG/brats_tcia_pat257_0001/VSD.Brain_3more.XX.O.OT.42469.mha,8928170,fc78c2ab0b823fa6b796af2017d00ff0f7a435742f960ffc41ea35268eaba62f
training/HGG/brats_tcia_pat258_0001/VSD.Brain.XX.O.MR_Flair.40935.mha,2207700,033a3eded93929e44b1be60aa785e7b5f3bdc95f8909e59b5266023b5c23ce57
training/HGG/brats_tcia_pat258_0001/VSD.Brain_3more.XX.O.OT.42471.mha,8928170,0ea3b5909591e3a60da1f5eea553e927bc7504871c0165fbca83a0804622b0fd
training/HGG/brats_tcia_pat260_0001/VSD.Brain.XX.O.MR_Flair.35872.mha,2234530,354691b7d14a9fb6b15369f59df4bd02380289171d29955607ef6f943007bd40
training/HGG/brats_tcia_pat260_0001/VSD.Brain_3more.XX.O.OT.42483.mha,8928170,5201c0eb0c47470d3b8bc8201de2d8168c0a1ea176e1ad500386f606a26d2729
training/HGG/brats_tcia_pat260_0129/VSD.Brain.XX.O.MR_Flair.35864.mha,2268360,77e0fc92f1d1bd3fb924359890128f140be9de3f347a498b450e7cc1bff89248
training/HGG/brats_tcia_pat260_0129/VSD.Brain_3more.XX.O.OT.42479.mha,8928170,4c935959f54f73925463121ff73bcd4d1fa9df11ad79ad4abd2a726a78f202c6
training/HGG/brats_tcia_pat260_0152/VSD.Brain.XX.O.MR_Flair.35860.mha,2262711,82a16ccd3e89b041c8abe76a96632373cd6a47b130772d739b6d5149e569bda2
training/HGG/brats_tcia_pat260_0152/VSD.Brain_3more.XX.O.OT.42477.mha,8928170,4e62a2be8d4c485938998757b9b6df41cb26e16e5f3f3a6c91e53a57ce18ad3b
training/LGG/brats_2013_pat0006_1/VSD.Brain.XX.O.MR_Flair.54650.mha,2098442,5364bff857e2cdf5dc9386eb3e0232633c85db1b5951faa5d7bf22d2207090cd
training/LGG/brats_2013_pat0006_1/VSD.Brain_1more.XX.O.OT.54655.mha,23224,8e50c51301670fcd2f01b535f861405f6f2eb804abbfa9eac4f00d2725ac38c4
training/LGG/brats_2013_pat0012_1/VSD.Brain.XX.O.MR_Flair.54668.mha,1805949,2c46e46d29605255a6226184ecbbb037952fa955a71080b5e57a1332aa461d87
training/LGG/brats_2013_pat0012_1/VSD.Brain_1more.XX.O.OT.54673.mha,26795,c78d0a9d105f16e6ee932708ede0011786ea3a8d5bf2eeb5568e37b8ca3702e7
training/LGG/brats_2013_pat0013_1/VSD.Brain.XX.O.MR_Flair.54674.mha,1838128,1e46b64f4e4d12e966b9f1865eb91b8c6161000a7e301076b779778f44f2f81b
training/LGG/brats_2013_pat0013_1/VSD.Brain_2more.XX.O.OT.54679.mha,31816,8ada43800bd17a712c1152944f4b16bd1fc7feeed64e231902582969fd03f19d
training/LGG/brats_tcia_pat101_0001/VSD.Brain.XX.O.MR_Flair.35529.mha,2048489,2386bb60f3148c1ed03e31c80d350d9196fa38c9fd0732693e42224b505d9933
training/LGG/brats_tcia_pat101_0001/VSD.Brain_3more.XX.O.OT.42279.mha,8928170,8ffa1efeffe71af47d38f1e9afa188e04b8e3f257d3f4d03df4182b5a3ca8733
training/LGG/brats_tcia_pat103_0001/VSD.Brain.XX.O.MR_Flair.40819.mha,1813517,573648c6c1a806156a60b18c2a2e273e89121fabe3561b3c2d36de9902b21e68
training/LGG/brats_tcia_pat103_0001/VSD.Brain_3more.XX.O.OT.42281.mha,8928170,27c440020772ba977209cc4fc4ab649349133cc486d924c271539bb59bb51afc
training/LGG/brats_tcia_pat130_0001/VSD.Brain.XX.O.MR_Flair.40831.mha,1810789,3f63a6c7204e9f2e59eb81352dfb20384294854ca17b0a7a65ef4981247869be
training/LGG/brats_tcia_pat130_0001/VSD.Brain_3more.XX.O.OT.42301.mha,8928170,ce00f57cf4ca846451af11b2de6507c88c057d764fa379abbae5619322230598
training/LGG/brats_tcia_pat255_0001/VSD.Brain.XX.O.MR_Flair.35844.mha,2101914,1c30133e7e7bf6a9d9e2266b5c7c3260ee491fc9a9fb6b746f36f1220f7c1170
training/LGG/brats_tcia_pat255_0001/VSD.Brain_3more.XX.O.OT.42467.mha,8928170,028fe8bb786db35ef249ee3df502fd48af9dae38b77cbc7389c1c36cd96bc1a5
training/LGG/brats_tcia_pat282_0001/VSD.Brain.XX.O.MR_Flair.40943.mha,1993635,dfc45dce8fba6c0b322c2f38e905fad2420daa4c9e58cea5214eab68e067b22f
training/LGG/brats_tcia_pat282_0001/VSD.Brain_3more.XX.O.OT.42507.mha,8928170,e3f1b77ba3a20df84f210115966783f08150e4340784adacb9ef92e883f0efc8
training/LGG/brats_tcia_pat307_0001/VSD.Brain.XX.O.MR_Flair.40971.mha,2037165,699a612024b85bf9b88a7d25a080474a7485dbc76b1a5afe8e5aec09644d1a37
training/LGG/brats_tcia_pat307_0001/VSD.Brain_3more.XX.O.OT.42539.mha,8928170,d4bf0b1dfed3f5aba0a10153399cb42538ac40dbc595e9f0786a8dc67db865dd
training/LGG/brats_tcia_pat346_0001/VSD.Brain.XX.O.MR_Flair.41040.mha,2334406,38b8b0255de97aa0b5753d851059985a949562f5008a919687786a8b86ee9a58
training/LGG/brats_tcia_pat346_0001/VSD.Brain_3more.XX.O.OT.42599.mha,8928170,52b0038d72be6f507671eb5c8e095f148dced6dd1817e52511c8f7277704a420
training/LGG/brats_tcia_pat351_0001/VSD.Brain.XX.O.MR_Flair.36045.mha,2168797,a0e7a63d07d4225a1a783ac71124c58fa2ad49e573c11aaa6e757c4168e54a38
training/LGG/brats_tcia_pat351_0001/VSD.Brain_3more.XX.O.OT.42605.mha,8928170,05e9c96d4be364bc0d8fe7480cbe17db9d3f70f196aa5adae250ca806560c211
training/LGG/brats_tcia_pat387_0001/VSD.Brain.XX.O.MR_Flair.41064.mha,1955746,8ff067bdf9378d9e2efc595b7ec2f2aa5abd5489d9d5f7e5e289ada78362049b
training/LGG/brats_tcia_pat387_0001/VSD.Brain_3more.XX.O.OT.42643.mha,8928170,bc4b5b74b1eb58438fbe56b7cb5b24e641470f66bf599e9b4f45b95f5bd7581e
training/LGG/brats_tcia_pat393_0001/VSD.Brain.XX.O.MR_Flair.41088.mha,2359248,310f198b81907fc33008bd16ebea222487e93148868f172a0b0d3bd9cb35a56e
training/LGG/brats_tcia_pat393_0001/VSD.Brain_3more.XX.O.OT.42659.mha,8928170,38eda4a62d55c41f86b36f3f572500f25e3d04d676f1aff5ee44e759581b90aa
training/LGG/brats_tcia_pat402_0001/VSD.Brain.XX.O.MR_Flair.36246.mha,2285489,b1ca0c6792d34d108e253dc79b7755d2aca156b67459071dc60e71669dbea9db
training/LGG/brats_tcia_pat402_0001/VSD.Brain_3more.XX.O.OT.42703.mha,8928170,9af3ea458dc44762bbf1e087dd21ae340e1c31808318e1c7f7aa579f770b81b7
training/LGG/brats_tcia_pat413_0001/VSD.Brain.XX.O.MR_Flair.36276.mha,2226967,c18ed1c6fbe76b134f611dc43acb0c0d7cf943968eec05570c30b11461f5bc84
training/LGG/brats_tcia_pat413_0001/VSD.Brain_2more.XX.O.OT.42721.mha,8928170,ccbd8bd507a8e430623eb6dec347e65a0456c61fb7b2914c33347a92bfe7ad3a
training/LGG/brats_tcia_pat420_0001/VSD.Brain.XX.O.MR_Flair.41104.mha,1874987,19d850e76bfa15d927bfd3041407c3fb825de4fb8f600baac361d50de1677394
training/LGG/brats_tcia_pat420_0001/VSD.Brain_3more.XX.O.OT.42727.mha,8928170,d56cea4d2e4b2b6199d18aadb0ea57baeda31f1faff01836e0bdbaaf7a386809
training/LGG/brats_tcia_pat451_0001/VSD.Brain.XX.O.MR_Flair.41139.mha,2001107,a5888f947c7517eaf2ba1b347ac83dc5519689a1b760880b73ca3439a50c5d73
training/LGG/brats_tcia_pat451_0001/VSD.Brain_3more.XX.O.OT.42791.mha,8928170,8f93bdb83730aa42125ef230564962ea05707eb39e0d3a5d414b16944dbda28e
training/LGG/brats_tcia_pat466_0001/VSD.Brain.XX.O.MR_Flair.36559.mha,2013731,3c809fac4fa37af1a5494230e2644664fb016cd080e8e6b440266710acd5fa33
training/LGG/brats_tcia_pat466_0001/VSD.Brain_3more.XX.O.OT.42801.mha,8928170,454d5031dd0aa6e4e6a0289e57400d68cdc9f32fe0606197791729ca5302c8eb
training/LGG/brats_tcia_pat483_0001/VSD.Brain.XX.O.MR_Flair.36595.mha,2270564,f9af1c1da231a937e3f72c0c4a21328be685c3770a5e4c83e85258d75a0ed6ce
training/LGG/brats_tcia_pat483_0001/VSD.Brain_3more.XX.O.OT.42821.mha,8928170,e08a5c34520df7c22d1fe18f933b04a2d7f372461eb7f7405702729c738ce10d
training/LGG/brats_tcia_pat490_0001/VSD.Brain.XX.O.MR_Flair.36599.mha,1706551,b729b81cdca10ee39785e20e9c3083f7f39d85cacc91dc7837f294f823ec1909
training/LGG/brats_tcia_pat490_0001/VSD.Brain_3more.XX.O.OT.42823.mha,8928170,dd4c7ff55ff93e824a0ecb75c42c953e3f680b9c6c46548f22d21c27346653dc
