case_id,grade,patient_id,split,flair_relpath,mask_relpath,flair_bytes,mask_bytes
HGG/brats_2013_pat0001_1,HGG,brats_2013_pat0001_1,val,data/raw/BRATS2015/training/HGG/brats_2013_pat0001_1/VSD.Brain.XX.O.MR_Flair.54512.mha,data/raw/BRATS2015/training/HGG/brats_2013_pat0001_1/VSD.Brain_3more.XX.O.OT.54517.mha,2150526,40031
HGG/brats_2013_pat0002_1,HGG,brats_2013_pat0002_1,val,data/raw/BRATS2015/training/HGG/brats_2013_pat0002_1/VSD.Brain.XX.O.MR_Flair.54518.mha,data/raw/BRATS2015/training/HGG/brats_2013_pat0002_1/VSD.Brain_3more.XX.O.OT.54523.mha,2282293,29884
HGG/brats_2013_pat0003_1,HGG,brats_2013_pat0003_1,train,data/raw/BRATS2015/training/HGG/brats_2013_pat0003_1/VSD.Brain.XX.O.MR_Flair.54524.mha,data/raw/BRATS2015/training/HGG/brats_2013_pat0003_1/VSD.Brain_3more.XX.XX.OT.54529.mha,2362445,44004
HGG/brats_2013_pat0005_1,HGG,brats_2013_pat0005_1,train,data/raw/BRATS2015/training/HGG/brats_2013_pat0005_1/VSD.Brain.XX.O.MR_Flair.54536.mha,data/raw/BRATS2015/training/HGG/brats_2013_pat0005_1/VSD.Brain_3more.XX.O.OT.54541.mha,2159583,40607
HGG/brats_2013_pat0006_1,HGG,brats_2013_pat0006_1,train,data/raw/BRATS2015/training/HGG/brats_2013_pat0006_1/VSD.Brain.XX.O.MR_Flair.54542.mha,data/raw/BRATS2015/training/HGG/brats_2013_pat0006_1/VSD.Brain_3more.XX.O.OT.54547.mha,1547847,58968
HGG/brats_2013_pat0007_1,HGG,brats_2013_pat0007_1,train,data/raw/BRATS2015/training/HGG/brats_2013_pat0007_1/VSD.Brain.XX.O.MR_Flair.54548.mha,data/raw/BRATS2015/training/HGG/brats_2013_pat0007_1/VSD.Brain_3more.XX.O.OT.54553.mha,2261056,33804
HGG/brats_2013_pat0008_1,HGG,brats_2013_pat0008_1,val,data/raw/BRATS2015/training/HGG/brats_2013_pat0008_1/VSD.Brain.XX.O.MR_Flair.54554.mha,data/raw/BRATS2015/training/HGG/brats_2013_pat0008_1/VSD.Brain_3more.XX.XX.OT.54559.mha,2355618,50395
HGG/brats_2013_pat0009_1,HGG,brats_2013_pat0009_1,train,data/raw/BRATS2015/training/HGG/brats_2013_pat0009_1/VSD.Brain.XX.O.MR_Flair.54560.mha,data/raw/BRATS2015/training/HGG/brats_2013_pat0009_1/VSD.Brain_3more.XX.XX.OT.54565.mha,1720973,49689
HGG/brats_2013_pat0010_1,HGG,brats_2013_pat0010_1,test,data/raw/BRATS2015/training/HGG/brats_2013_pat0010_1/VSD.Brain.XX.O.MR_Flair.54566.mha,data/raw/BRATS2015/training/HGG/brats_2013_pat0010_1/VSD.Brain_3more.XX.O.OT.54571.mha,2242795,22829
HGG/brats_2013_pat0012_1,HGG,brats_2013_pat0012_1,train,data/raw/BRATS2015/training/HGG/brats_2013_pat0012_1/VSD.Brain.XX.O.MR_Flair.54578.mha,data/raw/BRATS2015/training/HGG/brats_2013_pat0012_1/VSD.Brain_3more.XX.O.OT.54583.mha,2057429,23396
HGG/brats_2013_pat0013_1,HGG,brats_2013_pat0013_1,train,data/raw/BRATS2015/training/HGG/brats_2013_pat0013_1/VSD.Brain.XX.O.MR_Flair.54584.mha,data/raw/BRATS2015/training/HGG/brats_2013_pat0013_1/VSD.Brain_3more.XX.O.OT.54589.mha,2077590,21292
HGG/brats_2013_pat0014_1,HGG,brats_2013_pat0014_1,test,data/raw/BRATS2015/training/HGG/brats_2013_pat0014_1/VSD.Brain.XX.O.MR_Flair.54590.mha,data/raw/BRATS2015/training/HGG/brats_2013_pat0014_1/VSD.Brain_3more.XX.O.OT.54595.mha,2325293,48312
HGG/brats_2013_pat0015_1,HGG,brats_2013_pat0015_1,train,data/raw/BRATS2015/training/HGG/brats_2013_pat0015_1/VSD.Brain.XX.O.MR_Flair.54596.mha,data/raw/BRATS2015/training/HGG/brats_2013_pat0015_1/VSD.Brain_3more.XX.O.OT.54601.mha,2509835,50864
HGG/brats_2013_pat0022_1,HGG,brats_2013_pat0022_1,val,data/raw/BRATS2015/training/HGG/brats_2013_pat0022_1/VSD.Brain.XX.O.MR_Flair.54602.mha,data/raw/BRATS2015/training/HGG/brats_2013_pat0022_1/VSD.Brain_3more.XX.O.OT.54607.mha,1958751,33294
HGG/brats_2013_pat0026_1,HGG,brats_2013_pat0026_1,train,data/raw/BRATS2015/training/HGG/brats_2013_pat0026_1/VSD.Brain.XX.O.MR_Flair.54620.mha,data/raw/BRATS2015/training/HGG/brats_2013_pat0026_1/VSD.Brain_3more.XX.O.OT.54625.mha,1876250,46967
HGG/brats_tcia_pat105_0001,HGG,brats_tcia_pat105_0001,train,data/raw/BRATS2015/training/HGG/brats_tcia_pat105_0001/VSD.Brain.XX.O.MR_Flair.35533.mha,data/raw/BRATS2015/training/HGG/brats_tcia_pat105_0001/VSD.Brain_3more.XX.O.OT.42283.mha,2005453,8928170
HGG/brats_tcia_pat111_0001,HGG,brats_tcia_pat111_0001,train,data/raw/BRATS2015/training/HGG/brats_tcia_pat111_0001/VSD.Brain.XX.O.MR_Flair.40827.mha,data/raw/BRATS2015/training/HGG/brats_tcia_pat111_0001/VSD.Brain_3more.XX.O.OT.42287.mha,1884627,8928170
HGG/brats_tcia_pat117_0001,HGG,brats_tcia_pat117_0001,test,data/raw/BRATS2015/training/HGG/brats_tcia_pat117_0001/VSD.Brain.XX.O.MR_Flair.35541.mha,data/raw/BRATS2015/training/HGG/brats_tcia_pat117_0001/VSD.Brain_3more.XX.O.OT.42291.mha,2076412,8928170
HGG/brats_tcia_pat118_0001,HGG,brats_tcia_pat118_0001,train,data/raw/BRATS2015/training/HGG/brats_tcia_pat118_0001/VSD.Brain.XX.O.MR_Flair.35545.mha,data/raw/BRATS2015/training/HGG/brats_tcia_pat118_0001/VSD.Brain_3more.XX.O.OT.42293.mha,1773781,8928170
HGG/brats_tcia_pat121_0001,HGG,brats_tcia_pat121_0001,train,data/raw/BRATS2015/training/HGG/brats_tcia_pat121_0001/VSD.Brain.XX.O.MR_Flair.35553.mha,data/raw/BRATS2015/training/HGG/brats_tcia_pat121_0001/VSD.Brain_3more.XX.O.OT.42297.mha,1530505,8928170
HGG/brats_tcia_pat124_0003,HGG,brats_tcia_pat124_0003,train,data/raw/BRATS2015/training/HGG/brats_tcia_pat124_0003/VSD.Brain.XX.O.MR_Flair.35557.mha,data/raw/BRATS2015/training/HGG/brats_tcia_pat124_0003/VSD.Brain_3more.XX.O.OT.42299.mha,1834055,8928170
HGG/brats_tcia_pat131_0001,HGG,brats_tcia_pat131_0001,train,data/raw/BRATS2015/training/HGG/brats_tcia_pat131_0001/VSD.Brain.XX.O.MR_Flair.35561.mha,data/raw/BRATS2015/training/HGG/brats_tcia_pat131_0001/VSD.Brain_3more.XX.O.OT.42303.mha,2256755,8928170
HGG/brats_tcia_pat133_0001,HGG,brats_tcia_pat133_0001,train,data/raw/BRATS2015/training/HGG/brats_tcia_pat133_0001/VSD.Brain.XX.O.MR_Flair.35565.mha,data/raw/BRATS2015/training/HGG/brats_tcia_pat133_0001/VSD.Brain_3more.XX.O.OT.42305.mha,1733662,8928170
HGG/brats_tcia_pat135_0001,HGG,brats_tcia_pat135_0001,train,data/raw/BRATS2015/training/HGG/brats_tcia_pat135_0001/VSD.Brain.XX.O.MR_Flair.35573.mha,data/raw/BRATS2015/training/HGG/brats_tcia_pat135_0001/VSD.Brain_3more.XX.O.OT.42307.mha,1915530,8928170
HGG/brats_tcia_pat138_0001,HGG,brats_tcia_pat138_0001,train,data/raw/BRATS2015/training/HGG/brats_tcia_pat138_0001/VSD.Brain.XX.O.MR_Flair.35577.mha,data/raw/BRATS2015/training/HGG/brats_tcia_pat138_0001/VSD.Brain_3more.XX.O.OT.42309.mha,1802189,8928170
HGG/brats_tcia_pat147_0001,HGG,brats_tcia_pat147_0001,test,data/raw/BRATS2015/training/HGG/brats_tcia_pat147_0001/VSD.Brain.XX.O.MR_Flair.35591.mha,data/raw/BRATS2015/training/HGG/brats_tcia_pat147_0001/VSD.Brain_3more.XX.O.OT.42315.mha,1861102,8928170
HGG/brats_tcia_pat149_0001,HGG,brats_tcia_pat149_0001,val,data/raw/BRATS2015/training/HGG/brats_tcia_pat149_0001/VSD.Brain.XX.O.MR_Flair.35595.mha,data/raw/BRATS2015/training/HGG/brats_tcia_pat149_0001/VSD.Brain_3more.XX.O.OT.42317.mha,2087294,8928170
HGG/brats_tcia_pat150_0001,HGG,brats_tcia_pat150_0001,train,data/raw/BRATS2015/training/HGG/brats_tcia_pat150_0001/VSD.Brain.XX.O.MR_Flair.35599.mha,data/raw/BRATS2015/training/HGG/brats_tcia_pat150_0001/VSD.Brain_3more.XX.O.OT.42319.mha,1722782,8928170
HGG/brats_tcia_pat151_0001,HGG,brats_tcia_pat151_0001,train,data/raw/BRATS2015/training/HGG/brats_tcia_pat151_0001/VSD.Brain.XX.O.MR_Flair.35603.mha,data/raw/BRATS2015/training/HGG/brats_tcia_pat151_0001/VSD.Brain_3more.XX.O.OT.42321.mha,1656374,8928170
HGG/brats_tcia_pat153_0002,HGG,brats_tcia_pat153_0002,test,data/raw/BRATS2015/training/HGG/brats_tcia_pat153_0002/VSD.Brain.XX.O.MR_Flair.40859.mha,data/raw/BRATS2015/training/HGG/brats_tcia_pat153_0002/VSD.Brain_3more.XX.O.OT.42335.mha,1583760,8928170
HGG/brats_tcia_pat153_0109,HGG,brats_tcia_pat153_0109,val,data/raw/BRATS2015/training/HGG/brats_tcia_pat153_0109/VSD.Brain.XX.O.MR_Flair.40839.mha,data/raw/BRATS2015/training/HGG/brats_tcia_pat153_0109/VSD.Brain_3more.XX.O.OT.42325.mha,1719240,8928170
HGG/brats_tcia_pat153_0165,HGG,brats_tcia_pat153_0165,train,data/raw/BRATS2015/training/HGG/brats_tcia_pat153_0165/VSD.Brain.XX.O.MR_Flair.40855.mha,data/raw/BRATS2015/training/HGG/brats_tcia_pat153_0165/VSD.Brain_3more.XX.O.OT.42333.mha,1728857,8928170
HGG/brats_tcia_pat153_0181,HGG,brats_tcia_pat153_0181,test,data/raw/BRATS2015/training/HGG/brats_tcia_pat153_0181/VSD.Brain.XX.O.MR_Flair.40851.mha,data/raw/BRATS2015/training/HGG/brats_tcia_pat153_0181/VSD.Brain_3more.XX.O.OT.42331.mha,1780371,8928170
HGG/brats_tcia_pat153_0277,HGG,brats_tcia_pat153_0277,train,data/raw/BRATS2015/training/HGG/brats_tcia_pat153_0277/VSD.Brain.XX.O.MR_Flair.40847.mha,data/raw/BRATS2015/training/HGG/brats_tcia_pat153_0277/VSD.Brain_3more.XX.O.OT.42329.mha,1671110,8928170
HGG/brats_tcia_pat153_0294,HGG,brats_tcia_pat153_0294,test,data/raw/BRATS2015/training/HGG/brats_tcia_pat153_0294/VSD.Brain.XX.O.MR_Flair.40843.mha,data/raw/BRATS2015/training/HGG/brats_tcia_pat153_0294/VSD.Brain_3more.XX.O.OT.42327.mha,1862623,8928170
HGG/brats_tcia_pat156_0001,HGG,brats_tcia_pat156_0001,train,data/raw/BRATS2015/training/HGG/brats_tcia_pat156_0001/VSD.Brain.XX.O.MR_Flair.35607.mha,data/raw/BRATS2015/training/HGG/brats_tcia_pat156_0001/VSD.Brain_3more.XX.O.OT.42885.mha,1987698,8928170
HGG/brats_tcia_pat162_0001,HGG,brats_tcia_pat162_0001,train,data/raw/BRATS2015/training/HGG/brats_tcia_pat162_0001/VSD.Brain.XX.O.MR_Flair.35611.mha,data/raw/BRATS2015/training/HGG/brats_tcia_pat162_0001/VSD.Brain_3more.XX.O.OT.42339.mha,2109389,8928170
HGG/brats_tcia_pat164_0001,HGG,brats_tcia_pat164_0001,train,data/raw/BRATS2015/training/HGG/brats_tcia_pat164_0001/VSD.Brain.XX.O.MR_Flair.35615.mha,data/raw/BRATS2015/training/HGG/brats_tcia_pat164_0001/VSD.Brain_3more.XX.O.OT.42341.mha,2309805,8928170
HGG/brats_tcia_pat168_0001,HGG,brats_tcia_pat168_0001,val,data/raw/BRATS2015/training/HGG/brats_tcia_pat168_0001/VSD.Brain.XX.O.MR_Flair.35623.mha,data/raw/BRATS2015/training/HGG/brats_tcia_pat168_0001/VSD.Brain_3more.XX.O.OT.42347.mha,2413327,8928170
HGG/brats_tcia_pat170_0002,HGG,brats_tcia_pat170_0002,train,data/raw/BRATS2015/training/HGG/brats_tcia_pat170_0002/VSD.Brain.XX.O.MR_Flair.35627.mha,data/raw/BRATS2015/training/HGG/brats_tcia_pat170_0002/VSD.Brain_3more.XX.O.OT.42349.mha,2778778,8928170
HGG/brats_tcia_pat171_0001,HGG,brats_tcia_pat171_0001,val,data/raw/BRATS2015/training/HGG/brats_tcia_pat171_0001/VSD.Brain.XX.O.MR_Flair.35647.mha,data/raw/BRATS2015/training/HGG/brats_tcia_pat171_0001/VSD.Brain_3more.XX.O.OT.42359.mha,1792645,8928170
HGG/brats_tcia_pat171_0200,HGG,brats_tcia_pat171_0200,val,data/raw/BRATS2015/training/HGG/brats_tcia_pat171_0200/VSD.Brain.XX.O.MR_Flair.35651.mha,data/raw/BRATS2015/training/HGG/brats_tcia_pat171_0200/VSD.Brain_3more.XX.O.OT.42361.mha,1732557,8928170
HGG/brats_tcia_pat171_0387,HGG,brats_tcia_pat171_0387,train,data/raw/BRATS2015/training/HGG/brats_tcia_pat171_0387/VSD.Brain.XX.O.MR_Flair.35659.mha,data/raw/BRATS2015/training/HGG/brats_tcia_pat171_0387/VSD.Brain_3more.XX.O.OT.42365.mha,1741562,8928170
HGG/brats_tcia_pat171_0618,HGG,brats_tcia_pat171_0618,train,data/raw/BRATS2015/training/HGG/brats_tcia_pat171_0618/VSD.Brain.XX.O.MR_Flair.35643.mha,data/raw/BRATS2015/training/HGG/brats_tcia_pat171_0618/VSD.Brain_3more.XX.O.OT.42357.mha,1703938,8928170
HGG/brats_tcia_pat171_0950,HGG,brats_tcia_pat171_0950,train,data/raw/BRATS2015/training/HGG/brats_tcia_pat171_0950/VSD.Brain.XX.O.MR_Flair.35655.mha,data/raw/BRATS2015/training/HGG/brats_tcia_pat171_0950/VSD.Brain_3more.XX.O.OT.42363.mha,1775422,8928170
HGG/brats_tcia_pat171_1126,HGG,brats_tcia_pat171_1126,train,data/raw/BRATS2015/training/HGG/brats_tcia_pat171_1126/VSD.Brain.XX.O.MR_Flair.35631.mha,data/raw/BRATS2015/training/HGG/brats_tcia_pat171_1126/VSD.Brain_3more.XX.O.OT.42351.mha,1799340,8928170
HGG/brats_tcia_pat171_1231,HGG,brats_tcia_pat171_1231,train,data/raw/BRATS2015/training/HGG/brats_tcia_pat171_1231/VSD.Brain.XX.O.MR_Flair.35639.mha,data/raw/BRATS2015/training/HGG/brats_tcia_pat171_1231/VSD.Brain_3more.XX.O.OT.42355.mha,1813517,8928170
HGG/brats_tcia_pat173_0001,HGG,brats_tcia_pat173_0001,train,data/raw/BRATS2015/training/HGG/brats_tcia_pat173_0001/VSD.Brain.XX.O.MR_Flair.35663.mha,data/raw/BRATS2015/training/HGG/brats_tcia_pat173_0001/VSD.Brain_3more.XX.O.OT.42367.mha,2438733,8928170
HGG/brats_tcia_pat178_0002,HGG,brats_tcia_pat178_0002,val,data/raw/BRATS2015/training/HGG/brats_tcia_pat178_0002/VSD.Brain.XX.O.MR_Flair.35674.mha,data/raw/BRATS2015/training/HGG/brats_tcia_pat178_0002/VSD.Brain_3more.XX.O.OT.42373.mha,1750537,8928170
HGG/brats_tcia_pat179_0001,HGG,brats_tcia_pat179_0001,train,data/raw/BRATS2015/training/HGG/brats_tcia_pat179_0001/VSD.Brain.XX.O.MR_Flair.40879.mha,data/raw/BRATS2015/training/HGG/brats_tcia_pat179_0001/VSD.Brain_3more.XX.O.OT.42375.mha,2007643,8928170
HGG/brats_tcia_pat180_0001,HGG,brats_tcia_pat180_0001,train,data/raw/BRATS2015/training/HGG/brats_tcia_pat180_0001/VSD.Brain.XX.O.MR_Flair.35678.mha,data/raw/BRATS2015/training/HGG/brats_tcia_pat180_0001/VSD.Brain_3more.XX.O.OT.42379.mha,1979676,8928170
HGG/brats_tcia_pat184_0001,HGG,brats_tcia_pat184_0001,train,data/raw/BRATS2015/training/HGG/brats_tcia_pat184_0001/VSD.Brain.XX.O.MR_Flair.35686.mha,data/raw/BRATS2015/training/HGG/brats_tcia_pat184_0001/VSD.Brain_3more.XX.O.OT.42383.mha,2054740,8928170
HGG/brats_tcia_pat192_0001,HGG,brats_tcia_pat192_0001,train,data/raw/BRATS2015/training/HGG/brats_tcia_pat192_0001/VSD.Brain.XX.O.MR_Flair.35694.mha,data/raw/BRATS2015/training/HGG/brats_tcia_pat192_0001/VSD.Brain_2more.XX.O.OT.42389.mha,1668953,8928170
HGG/brats_tcia_pat193_0002,HGG,brats_tcia_pat193_0002,train,data/raw/BRATS2015/training/HGG/brats_tcia_pat193_0002/VSD.Brain.XX.O.MR_Flair.35698.mha,data/raw/BRATS2015/training/HGG/brats_tcia_pat193_0002/VSD.Brain_2more.XX.O.OT.42391.mha,2611017,8928170
HGG/brats_tcia_pat198_0001,HGG,brats_tcia_pat198_0001,train,data/raw/BRATS2015/training/HGG/brats_tcia_pat198_0001/VSD.Brain.XX.O.MR_Flair.35706.mha,data/raw/BRATS2015/training/HGG/brats_tcia_pat198_0001/VSD.Brain_3more.XX.O.OT.42393.mha,2132481,8928170
HGG/brats_tcia_pat198_0283,HGG,brats_tcia_pat198_0283,test,data/raw/BRATS2015/training/HGG/brats_tcia_pat198_0283/VSD.Brain.XX.O.MR_Flair.35710.mha,data/raw/BRATS2015/training/HGG/brats_tcia_pat198_0283/VSD.Brain_3more.XX.O.OT.42395.mha,2407116,8928170
HGG/brats_tcia_pat199_0001,HGG,brats_tcia_pat199_0001,train,data/raw/BRATS2015/training/HGG/brats_tcia_pat199_0001/VSD.Brain.XX.O.MR_Flair.35714.mha,data/raw/BRATS2015/training/HGG/brats_tcia_pat199_0001/VSD.Brain_3more.XX.O.OT.42397.mha,1863323,8928170
HGG/brats_tcia_pat200_0210,HGG,brats_tcia_pat200_0210,train,data/raw/BRATS2015/training/HGG/brats_tcia_pat200_0210/VSD.Brain.XX.O.MR_Flair.40895.mha,data/raw/BRATS2015/training/HGG/brats_tcia_pat200_0210/VSD.Brain_3more.XX.O.OT.42399.mha,2414060,8928170
HGG/brats_tcia_pat201_0001,HGG,brats_tcia_pat201_0001,train,data/raw/BRATS2015/training/HGG/brats_tcia_pat201_0001/VSD.Brain.XX.O.MR_Flair.40903.mha,data/raw/BRATS2015/training/HGG/brats_tcia_pat201_0001/VSD.Brain_3more.XX.O.OT.42401.mha,2074962,8928170
HGG/brats_tcia_pat203_0001,HGG,brats_tcia_pat203_0001,train,data/raw/BRATS2015/training/HGG/brats_tcia_pat203_0001/VSD.Brain.XX.O.MR_Flair.35722.mha,data/raw/BRATS2015/training/HGG/brats_tcia_pat203_0001/VSD.Brain_3more.XX.O.OT.42405.mha,1802220,8928170
HGG/brats_tcia_pat205_0001,HGG,brats_tcia_pat205_0001,train,data/raw/BRATS2015/training/HGG/brats_tcia_pat205_0001/VSD.Brain.XX.O.MR_Flair.35728.mha,data/raw/BRATS2015/training/HGG/brats_tcia_pat205_0001/VSD.Brain_3more.XX.O.OT.42407.mha,2339823,8928170
HGG/brats_tcia_pat208_0001,HGG,brats_tcia_pat208_0001,train,data/raw/BRATS2015/training/HGG/brats_tcia_pat208_0001/VSD.Brain.XX.O.MR_Flair.35732.mha,data/raw/BRATS2015/training/HGG/brats_tcia_pat208_0001/VSD.Brain_3more.XX.O.OT.42409.mha,2280805,8928170
HGG/brats_tcia_pat211_0001,HGG,brats_tcia_pat211_0001,train,data/raw/BRATS2015/training/HGG/brats_tcia_pat211_0001/VSD.Brain.XX.O.MR_Flair.35736.mha,data/raw/BRATS2015/training/HGG/brats_tcia_pat211_0001/VSD.Brain_3more.XX.O.OT.42895.mha,1984125,8928170
HGG/brats_tcia_pat218_0001,HGG,brats_tcia_pat218_0001,train,data/raw/BRATS2015/training/HGG/brats_tcia_pat218_0001/VSD.Brain.XX.O.MR_Flair.35756.mha,data/raw/BRATS2015/training/HGG/brats_tcia_pat218_0001/VSD.Brain_3more.XX.O.OT.42419.mha,1589352,8928170
HGG/brats_tcia_pat222_0122,HGG,brats_tcia_pat222_0122,train,data/raw/BRATS2015/training/HGG/brats_tcia_pat222_0122/VSD.Brain.XX.O.MR_Flair.40915.mha,data/raw/BRATS2015/training/HGG/brats_tcia_pat222_0122/VSD.Brain_3more.XX.O.OT.42427.mha,1883826,8928170
HGG/brats_tcia_pat222_0304,HGG,brats_tcia_pat222_0304,train,data/raw/BRATS2015/training/HGG/brats_tcia_pat222_0304/VSD.Brain.XX.O.MR_Flair.40907.mha,data/raw/BRATS2015/training/HGG/brats_tcia_pat222_0304/VSD.Brain_3more.XX.O.OT.42423.mha,1967733,8928170
HGG/brats_tcia_pat226_0090,HGG,brats_tcia_pat226_0090,train,data/raw/BRATS2015/training/HGG/brats_tcia_pat226_0090/VSD.Brain.XX.O.MR_Flair.40923.mha,data/raw/BRATS2015/training/HGG/brats_tcia_pat226_0090/VSD.Brain_3more.XX.O.OT.42433.mha,1817388,8928170
HGG/brats_tcia_pat230_0481,HGG,brats_tcia_pat230_0481,train,data/raw/BRATS2015/training/HGG/brats_tcia_pat230_0481/VSD.Brain.XX.O.MR_Flair.35776.mha,data/raw/BRATS2015/training/HGG/brats_tcia_pat230_0481/VSD.Brain_3more.XX.O.OT.42437.mha,1912246,8928170
HGG/brats_tcia_pat230_0637,HGG,brats_tcia_pat230_0637,train,data/raw/BRATS2015/training/HGG/brats_tcia_pat230_0637/VSD.Brain.XX.O.MR_Flair.35792.mha,data/raw/BRATS2015/training/HGG/brats_tcia_pat230_0637/VSD.Brain_3more.XX.O.OT.42443.mha,1930579,8928170
HGG/brats_tcia_pat230_0710,HGG,brats_tcia_pat230_0710,train,data/raw/BRATS2015/training/HGG/brats_tcia_pat230_0710/VSD.Brain.XX.O.MR_Flair.35788.mha,data/raw/BRATS2015/training/HGG/brats_tcia_pat230_0710/VSD.Brain_3more.XX.O.OT.42441.mha,2033996,8928170
HGG/brats_tcia_pat231_0001,HGG,brats_tcia_pat231_0001,test,data/raw/BRATS2015/training/HGG/brats_tcia_pat231_0001/VSD.Brain.XX.O.MR_Flair.40927.mha,data/raw/BRATS2015/training/HGG/brats_tcia_pat231_0001/VSD.Brain_3more.XX.O.OT.42447.mha,1662461,8928170
HGG/brats_tcia_pat234_0001,HGG,brats_tcia_pat234_0001,train,data/raw/BRATS2015/training/HGG/brats_tcia_pat234_0001/VSD.Brain.XX.O.MR_Flair.35800.mha,data/raw/BRATS2015/training/HGG/brats_tcia_pat234_0001/VSD.Brain_3more.XX.O.OT.42449.mha,2373303,8928170
HGG/brats_tcia_pat235_0001,HGG,brats_tcia_pat235_0001,test,data/raw/BRATS2015/training/HGG/brats_tcia_pat235_0001/VSD.Brain.XX.O.MR_Flair.35804.mha,data/raw/BRATS2015/training/HGG/brats_tcia_pat235_0001/VSD.Brain_3more.XX.O.OT.42451.mha,1924062,8928170
HGG/brats_tcia_pat242_0001,HGG,brats_tcia_pat242_0001,test,data/raw/BRATS2015/training/HGG/brats_tcia_pat242_0001/VSD.Brain.XX.O.MR_Flair.35808.mha,data/raw/BRATS2015/training/HGG/brats_tcia_pat242_0001/VSD.Brain_3more.XX.O.OT.42455.mha,2245635,8928170
HGG/brats_tcia_pat247_0001,HGG,brats_tcia_pat247_0001,train,data/raw/BRATS2015/training/HGG/brats_tcia_pat247_0001/VSD.Brain.XX.O.MR_Flair.35820.mha,data/raw/BRATS2015/training/HGG/brats_tcia_pat247_0001/VSD.Brain_3more.XX.O.OT.42457.mha,2092118,8928170
HGG/brats_tcia_pat257_0001,HGG,brats_tcia_pat257_0001,val,data/raw/BRATS2015/training/HGG/brats_tcia_pat257_0001/VSD.Brain.XX.O.MR_Flair.35848.mha,data/raw/BRATS2015/training/HGG/brats_tcia_pat257_0001/VSD.Brain_3more.XX.O.OT.42469.mha,2250545,8928170
HGG/brats_tcia_pat258_0001,HGG,brats_tcia_pat258_0001,train,data/raw/BRATS2015/training/HGG/brats_tcia_pat258_0001/VSD.Brain.XX.O.MR_Flair.40935.mha,data/raw/BRATS2015/training/HGG/brats_tcia_pat258_0001/VSD.Brain_3more.XX.O.OT.42471.mha,2207700,8928170
HGG/brats_tcia_pat260_0001,HGG,brats_tcia_pat260_0001,test,data/raw/BRATS2015/training/HGG/brats_tcia_pat260_0001/VSD.Brain.XX.O.MR_Flair.35872.mha,data/raw/BRATS2015/training/HGG/brats_tcia_pat260_0001/VSD.Brain_3more.XX.O.OT.42483.mha,2234530,8928170
HGG/brats_tcia_pat260_0129,HGG,brats_tcia_pat260_0129,val,data/raw/BRATS2015/training/HGG/brats_tcia_pat260_0129/VSD.Brain.XX.O.MR_Flair.35864.mha,data/raw/BRATS2015/training/HGG/brats_tcia_pat260_0129/VSD.Brain_3more.XX.O.OT.42479.mha,2268360,8928170
HGG/brats_tcia_pat260_0152,HGG,brats_tcia_pat260_0152,train,data/raw/BRATS2015/training/HGG/brats_tcia_pat260_0152/VSD.Brain.XX.O.MR_Flair.35860.mha,data/raw/BRATS2015/training/HGG/brats_tcia_pat260_0152/VSD.Brain_3more.XX.O.OT.42477.mha,2262711,8928170
LGG/brats_2013_pat0006_1,LGG,brats_2013_pat0006_1,train,data/raw/BRATS2015/training/LGG/brats_2013_pat0006_1/VSD.Brain.XX.O.MR_Flair.54650.mha,data/raw/BRATS2015/training/LGG/brats_2013_pat0006_1/VSD.Brain_1more.XX.O.OT.54655.mha,2098442,23224
LGG/brats_2013_pat0012_1,LGG,brats_2013_pat0012_1,train,data/raw/BRATS2015/training/LGG/brats_2013_pat0012_1/VSD.Brain.XX.O.MR_Flair.54668.mha,data/raw/BRATS2015/training/LGG/brats_2013_pat0012_1/VSD.Brain_1more.XX.O.OT.54673.mha,1805949,26795
LGG/brats_2013_pat0013_1,LGG,brats_2013_pat0013_1,train,data/raw/BRATS2015/training/LGG/brats_2013_pat0013_1/VSD.Brain.XX.O.MR_Flair.54674.mha,data/raw/BRATS2015/training/LGG/brats_2013_pat0013_1/VSD.Brain_2more.XX.O.OT.54679.mha,1838128,31816
LGG/brats_tcia_pat101_0001,LGG,brats_tcia_pat101_0001,train,data/raw/BRATS2015/training/LGG/brats_tcia_pat101_0001/VSD.Brain.XX.O.MR_Flair.35529.mha,data/raw/BRATS2015/training/LGG/brats_tcia_pat101_0001/VSD.Brain_3more.XX.O.OT.42279.mha,2048489,8928170
LGG/brats_tcia_pat103_0001,LGG,brats_tcia_pat103_0001,test,data/raw/BRATS2015/training/LGG/brats_tcia_pat103_0001/VSD.Brain.XX.O.MR_Flair.40819.mha,data/raw/BRATS2015/training/LGG/brats_tcia_pat103_0001/VSD.Brain_3more.XX.O.OT.42281.mha,1813517,8928170
LGG/brats_tcia_pat130_0001,LGG,brats_tcia_pat130_0001,train,data/raw/BRATS2015/training/LGG/brats_tcia_pat130_0001/VSD.Brain.XX.O.MR_Flair.40831.mha,data/raw/BRATS2015/training/LGG/brats_tcia_pat130_0001/VSD.Brain_3more.XX.O.OT.42301.mha,1810789,8928170
LGG/brats_tcia_pat255_0001,LGG,brats_tcia_pat255_0001,train,data/raw/BRATS2015/training/LGG/brats_tcia_pat255_0001/VSD.Brain.XX.O.MR_Flair.35844.mha,data/raw/BRATS2015/training/LGG/brats_tcia_pat255_0001/VSD.Brain_3more.XX.O.OT.42467.mha,2101914,8928170
LGG/brats_tcia_pat282_0001,LGG,brats_tcia_pat282_0001,val,data/raw/BRATS2015/training/LGG/brats_tcia_pat282_0001/VSD.Brain.XX.O.MR_Flair.40943.mha,data/raw/BRATS2015/training/LGG/brats_tcia_pat282_0001/VSD.Brain_3more.XX.O.OT.42507.mha,1993635,8928170
LGG/brats_tcia_pat307_0001,LGG,brats_tcia_pat307_0001,train,data/raw/BRATS2015/training/LGG/brats_tcia_pat307_0001/VSD.Brain.XX.O.MR_Flair.40971.mha,data/raw/BRATS2015/training/LGG/brats_tcia_pat307_0001/VSD.Brain_3more.XX.O.OT.42539.mha,2037165,8928170
LGG/brats_tcia_pat346_0001,LGG,brats_tcia_pat346_0001,test,data/raw/BRATS2015/training/LGG/brats_tcia_pat346_0001/VSD.Brain.XX.O.MR_Flair.41040.mha,data/raw/BRATS2015/training/LGG/brats_tcia_pat346_0001/VSD.Brain_3more.XX.O.OT.42599.mha,2334406,8928170
LGG/brats_tcia_pat351_0001,LGG,brats_tcia_pat351_0001,train,data/raw/BRATS2015/training/LGG/brats_tcia_pat351_0001/VSD.Brain.XX.O.MR_Flair.36045.mha,data/raw/BRATS2015/training/LGG/brats_tcia_pat351_0001/VSD.Brain_3more.XX.O.OT.42605.mha,2168797,8928170
LGG/brats_tcia_pat387_0001,LGG,brats_tcia_pat387_0001,val,data/raw/BRATS2015/training/LGG/brats_tcia_pat387_0001/VSD.Brain.XX.O.MR_Flair.41064.mha,data/raw/BRATS2015/training/LGG/brats_tcia_pat387_0001/VSD.Brain_3more.XX.O.OT.42643.mha,1955746,8928170
LGG/brats_tcia_pat393_0001,LGG,brats_tcia_pat393_0001,val,data/raw/BRATS2015/training/LGG/brats_tcia_pat393_0001/VSD.Brain.XX.O.MR_Flair.41088.mha,data/raw/BRATS2015/training/LGG/brats_tcia_pat393_0001/VSD.Brain_3more.XX.O.OT.42659.mha,2359248,8928170
LGG/brats_tcia_pat402_0001,LGG,brats_tcia_pat402_0001,test,data/raw/BRATS2015/training/LGG/brats_tcia_pat402_0001/VSD.Brain.XX.O.MR_Flair.36246.mha,data/raw/BRATS2015/training/LGG/brats_tcia_pat402_0001/VSD.Brain_3more.XX.O.OT.42703.mha,2285489,8928170
LGG/brats_tcia_pat413_0001,LGG,brats_tcia_pat413_0001,train,data/raw/BRATS2015/training/LGG/brats_tcia_pat413_0001/VSD.Brain.XX.O.MR_Flair.36276.mha,data/raw/BRATS2015/training/LGG/brats_tcia_pat413_0001/VSD.Brain_2more.XX.O.OT.42721.mha,2226967,8928170
LGG/brats_tcia_pat420_0001,LGG,brats_tcia_pat420_0001,train,data/raw/BRATS2015/training/LGG/brats_tcia_pat420_0001/VSD.Brain.XX.O.MR_Flair.41104.mha,data/raw/BRATS2015/training/LGG/brats_tcia_pat420_0001/VSD.Brain_3more.XX.O.OT.42727.mha,1874987,8928170
LGG/brats_tcia_pat451_0001,LGG,brats_tcia_pat451_0001,train,data/raw/BRATS2015/training/LGG/brats_tcia_pat451_0001/VSD.Brain.XX.O.MR_Flair.41139.mha,data/raw/BRATS2015/training/LGG/brats_tcia_pat451_0001/VSD.Brain_3more.XX.O.OT.42791.mha,2001107,8928170
LGG/brats_tcia_pat466_0001,LGG,brats_tcia_pat466_0001,train,data/raw/BRATS2015/training/LGG/brats_tcia_pat466_0001/VSD.Brain.XX.O.MR_Flair.36559.mha,data/raw/BRATS2015/training/LGG/brats_tcia_pat466_0001/VSD.Brain_3more.XX.O.OT.42801.mha,2013731,8928170
LGG/brats_tcia_pat483_0001,LGG,brats_tcia_pat483_0001,train,data/raw/BRATS2015/training/LGG/brats_tcia_pat483_0001/VSD.Brain.XX.O.MR_Flair.36595.mha,data/raw/BRATS2015/training/LGG/brats_tcia_pat483_0001/VSD.Brain_3more.XX.O.OT.42821.mha,2270564,8928170
LGG/brats_tcia_pat490_0001,LGG,brats_tcia_pat490_0001,train,data/raw/BRATS2015/training/LGG/brats_tcia_pat490_0001/VSD.Brain.XX.O.MR_Flair.36599.mha,data/raw/BRATS2015/training/LGG/brats_tcia_pat490_0001/VSD.Brain_3more.XX.O.OT.42823.mha,1706551,8928170
